[
{
     "model": "core.user",
     "pk": 1,
     "fields": {
          "password": "pbkdf2_sha256$320000$r8l4I3KWUQGHaDpHBCTaER$ZdYEAsCzPSUi1/6rr72iLuLdRI0w5zUeZheBqN+iCp8=",
          "last_login": "2024-04-14T18:57:48.284Z",
          "is_superuser": false,
          "username": "stegosaurus",
          "first_name": "Биба",
          "last_name": "",
          "email": "",
          "is_staff": false,
          "is_active": true,
          "date_joined": "2023-04-14T18:57:47.737Z",
          "avatar": "",
          "groups": [],
          "user_permissions": []
     }
},
{
     "model": "core.user",
     "pk": 2,
     "fields": {
          "password": "pbkdf2_sha256$320000$SMuT8UuqbbZrBx7yV05Y5l$seJ9+RRIgru+5uvv18m1Wgt8KF2613OqLntwZ5hOq/8=",
          "last_login": "2024-04-14T20:42:33.484Z",
          "is_superuser": false,
          "username": "office_lover",
          "first_name": "Боба",
          "last_name": "",
          "email": "",
          "is_staff": false,
          "is_active": true,
          "date_joined": "2023-04-14T20:11:55.287Z",
          "avatar": "",
          "groups": [],
          "user_permissions": []
     }
},
{
     "model": "core.comment",
     "pk": 1,
     "fields": {
          "user": 1,
          "page": "index",
          "text": "Наконец-то и у нас появилась такая разработка!"
     }
},
{
     "model": "core.comment",
     "pk": 2,
     "fields": {
          "user": 2,
          "page": "index",
          "text": "Ого, такой классный пакет!"
     }
},
{
     "model": "core.comment",
     "pk": 3,
     "fields": {
          "user": 2,
          "page": "index",
          "text": "ААААААААААААААААААААААААААААААААААААААААААААААААААААА КРУТЯК"
     }
},
{
     "model": "core.comment",
     "pk": 4,
     "fields": {
          "user": 2,
          "page": "functions",
          "text": "Вот это да! Бегу покупать"
     }
},
{
     "model": "core.parameter",
     "pk": 1,
     "fields": {
          "name": "DEBUG_KEY",
          "value": "tctf{not_real_flag}"
     }
},
{
     "model": "core.parameter",
     "pk": 2,
     "fields": {
          "name": "AUTHORS",
          "value": "Biba and Boba"
     }
},
{
     "model": "core.parameter",
     "pk": 3,
     "fields": {
          "name": "UPDATE_SERVER",
          "value": "http://127.0.0.1"
     }
},
{
     "model": "core.parameter",
     "pk": 4,
     "fields": {
          "name": "COPYRIGHT",
          "value": "Biba and Boba"
     }
},
     {
     "model": "core.parameter",
     "pk": 5,
     "fields": {
          "name": "DEVELOPERS",
          "value": "Biba and Boba"
     }
}
]
